{"features": ["Unnamed: 0", "duration_ms", "explicit", "danceability", "energy", "key", "loudness", "mode", "speechiness", "acousticness", "instrumentalness", "liveness", "valence", "tempo", "time_signature"], "feature_importance": {"Unnamed: 0": 0.31686147673579296, "duration_ms": 0.07702515359269549, "explicit": 0.007347485376075564, "danceability": 0.06768227378016513, "energy": 0.06375048240579766, "key": 0.011239882268462386, "loudness": 0.05680183803749604, "mode": 0.004952729198922177, "speechiness": 0.04949192798744944, "acousticness": 0.08830266390428013, "instrumentalness": 0.07471261356459258, "liveness": 0.06138965816071598, "valence": 0.075195928647448, "tempo": 0.03917624986288429, "time_signature": 0.006069636477222415}}